event_id,list,snapshot_sha256,party_id,party_name,status,detected_at_ms,last_seen_at_ms,resolved_at_ms,resolution
a017dc8c1a3f943435eb940b1070a433c5f88aa782c2c265c3ef313e353619d7,SDN,8d64eef6932ad713709f1ea7cc0e0e003d68308eb9d1ac5637268d666fdc056f,33451,People's Front for Democracy and Justice,APPLIED,1790170660813,1790170660813,1790170661992,HUMAN_APPROVED
a017dc8c1a3f943435eb940b1070a433c5f88aa782c2c265c3ef313e353619d7,SDN,8d64eef6932ad713709f1ea7cc0e0e003d68308eb9d1ac5637268d666fdc056f,33534,W Kidan Hagos Ghebrehiwet,APPLIED,1790170660813,1790170660813,1790170661992,HUMAN_APPROVED
a017dc8c1a3f943435eb940b1070a433c5f88aa782c2c265c3ef313e353619d7,SDN,8d64eef6932ad713709f1ea7cc0e0e003d68308eb9d1ac5637268d666fdc056f,33535,Nemariam Abraha Kassa,APPLIED,1790170660813,1790170660813,1790170661992,HUMAN_APPROVED
a017dc8c1a3f943435eb940b1070a433c5f88aa782c2c265c3ef313e353619d7,SDN,8d64eef6932ad713709f1ea7cc0e0e003d68308eb9d1ac5637268d666fdc056f,33597,Eritrean Defense Forces,APPLIED,1790170660813,1790170660813,1790170661992,HUMAN_APPROVED
a017dc8c1a3f943435eb940b1070a433c5f88aa782c2c265c3ef313e353619d7,SDN,8d64eef6932ad713709f1ea7cc0e0e003d68308eb9d1ac5637268d666fdc056f,33918,Red Sea Trading Corporation,APPLIED,1790170660813,1790170660813,1790170661992,HUMAN_APPROVED
a017dc8c1a3f943435eb940b1070a433c5f88aa782c2c265c3ef313e353619d7,SDN,8d64eef6932ad713709f1ea7cc0e0e003d68308eb9d1ac5637268d666fdc056f,33919,Hidri Trust,APPLIED,1790170660813,1790170660813,1790170661992,HUMAN_APPROVED
51cd022b2b3bd6ed22e24f914240a2c1c1b97fd8588f94f006dfdec72d766556,SDN,83553ea89120cba98271cd3724531dd3d603e27521c4b47be6548a3856ed068b,21263,Olenga Francois,PENDING_REVIEW,1790173941528,1791556866058,,
51cd022b2b3bd6ed22e24f914240a2c1c1b97fd8588f94f006dfdec72d766556,SDN,83553ea89120cba98271cd3724531dd3d603e27521c4b47be6548a3856ed068b,21264,Safari Club,PENDING_REVIEW,1790173941528,1791556866058,,
eef66c298c11ec747f6da9c0385d3c50d1d19117e57c5b8d3803059d8081c4c7,SDN,5afe67d5b6709be142c09ddd3550b58593d7a706e82cbd68a8001ffc3c90e28b,10640,"PATRACA, S.A. DE C.V.",PENDING_REVIEW,1790796422299,1791556866058,,
eef66c298c11ec747f6da9c0385d3c50d1d19117e57c5b8d3803059d8081c4c7,SDN,5afe67d5b6709be142c09ddd3550b58593d7a706e82cbd68a8001ffc3c90e28b,28301,Maraya,PENDING_REVIEW,1790796422299,1791556866058,,
eef66c298c11ec747f6da9c0385d3c50d1d19117e57c5b8d3803059d8081c4c7,SDN,5afe67d5b6709be142c09ddd3550b58593d7a706e82cbd68a8001ffc3c90e28b,48385,PROTOPOVICH Tatyana,PENDING_REVIEW,1790796422299,1791556866058,,
6a2a32654219ce7bc19903578c6adce2939ee87a91774d907bfb59b07f683918,SDN,1919d7ccdad5a6a4542ca196b746613ae7cdf218b94192ab77cf04f06b9793dd,10000,CANO CORREA Jhon Eidelber,PENDING_REVIEW,1791240215552,1791556866058,,
6a2a32654219ce7bc19903578c6adce2939ee87a91774d907bfb59b07f683918,SDN,1919d7ccdad5a6a4542ca196b746613ae7cdf218b94192ab77cf04f06b9793dd,10005,CANO AGUDELO S EN C,PENDING_REVIEW,1791240215552,1791556866058,,
6a2a32654219ce7bc19903578c6adce2939ee87a91774d907bfb59b07f683918,SDN,1919d7ccdad5a6a4542ca196b746613ae7cdf218b94192ab77cf04f06b9793dd,10468,ZULUAGA LINDO Francisco Javier,PENDING_REVIEW,1791240215552,1791556866058,,
6a2a32654219ce7bc19903578c6adce2939ee87a91774d907bfb59b07f683918,SDN,1919d7ccdad5a6a4542ca196b746613ae7cdf218b94192ab77cf04f06b9793dd,10473,SOCIEDAD SUPERDEPORTES LTDA.,PENDING_REVIEW,1791240215552,1791556866058,,
6a2a32654219ce7bc19903578c6adce2939ee87a91774d907bfb59b07f683918,SDN,1919d7ccdad5a6a4542ca196b746613ae7cdf218b94192ab77cf04f06b9793dd,11463,LOPEZ OSPINA Carlos Antonio,PENDING_REVIEW,1791240215552,1791556866058,,
6a2a32654219ce7bc19903578c6adce2939ee87a91774d907bfb59b07f683918,SDN,1919d7ccdad5a6a4542ca196b746613ae7cdf218b94192ab77cf04f06b9793dd,11464,JACOME DEL VALLE Omar Alfredo,PENDING_REVIEW,1791240215552,1791556866058,,
6a2a32654219ce7bc19903578c6adce2939ee87a91774d907bfb59b07f683918,SDN,1919d7ccdad5a6a4542ca196b746613ae7cdf218b94192ab77cf04f06b9793dd,11466,VASQUEZ VALENCIA Natalia Andrea,PENDING_REVIEW,1791240215552,1791556866058,,
6a2a32654219ce7bc19903578c6adce2939ee87a91774d907bfb59b07f683918,SDN,1919d7ccdad5a6a4542ca196b746613ae7cdf218b94192ab77cf04f06b9793dd,11467,SUAZA BARCO Maria del Carmen,PENDING_REVIEW,1791240215552,1791556866058,,
6a2a32654219ce7bc19903578c6adce2939ee87a91774d907bfb59b07f683918,SDN,1919d7ccdad5a6a4542ca196b746613ae7cdf218b94192ab77cf04f06b9793dd,11468,SANCHEZ RIVERA Doris Patricia,PENDING_REVIEW,1791240215552,1791556866058,,
6a2a32654219ce7bc19903578c6adce2939ee87a91774d907bfb59b07f683918,SDN,1919d7ccdad5a6a4542ca196b746613ae7cdf218b94192ab77cf04f06b9793dd,11469,PEREZ MONTERO Maria Marcela del Pilar,PENDING_REVIEW,1791240215552,1791556866058,,
6a2a32654219ce7bc19903578c6adce2939ee87a91774d907bfb59b07f683918,SDN,1919d7ccdad5a6a4542ca196b746613ae7cdf218b94192ab77cf04f06b9793dd,11470,SANCHEZ MARTELL Julio Cesar Jassan Estuardo,PENDING_REVIEW,1791240215552,1791556866058,,
6a2a32654219ce7bc19903578c6adce2939ee87a91774d907bfb59b07f683918,SDN,1919d7ccdad5a6a4542ca196b746613ae7cdf218b94192ab77cf04f06b9793dd,11471,MUNERA VELASQUEZ Martha Marina,PENDING_REVIEW,1791240215552,1791556866058,,
6a2a32654219ce7bc19903578c6adce2939ee87a91774d907bfb59b07f683918,SDN,1919d7ccdad5a6a4542ca196b746613ae7cdf218b94192ab77cf04f06b9793dd,11472,MEJIA ARTEAGA Nora,PENDING_REVIEW,1791240215552,1791556866058,,
6a2a32654219ce7bc19903578c6adce2939ee87a91774d907bfb59b07f683918,SDN,1919d7ccdad5a6a4542ca196b746613ae7cdf218b94192ab77cf04f06b9793dd,11473,HERNANDEZ MEJIA Jorge Alberto,PENDING_REVIEW,1791240215552,1791556866058,,
6a2a32654219ce7bc19903578c6adce2939ee87a91774d907bfb59b07f683918,SDN,1919d7ccdad5a6a4542ca196b746613ae7cdf218b94192ab77cf04f06b9793dd,11474,DURAN PORRAS Gloria Amparo,PENDING_REVIEW,1791240215552,1791556866058,,
6a2a32654219ce7bc19903578c6adce2939ee87a91774d907bfb59b07f683918,SDN,1919d7ccdad5a6a4542ca196b746613ae7cdf218b94192ab77cf04f06b9793dd,11476,BERMUDEZ SUAZA Pedro Antonio,PENDING_REVIEW,1791240215552,1791556866058,,
6a2a32654219ce7bc19903578c6adce2939ee87a91774d907bfb59b07f683918,SDN,1919d7ccdad5a6a4542ca196b746613ae7cdf218b94192ab77cf04f06b9793dd,11477,CONSULTORIA EN CAMBIOS FALCON S.A. DE C.V.,PENDING_REVIEW,1791240215552,1791556866058,,
6a2a32654219ce7bc19903578c6adce2939ee87a91774d907bfb59b07f683918,SDN,1919d7ccdad5a6a4542ca196b746613ae7cdf218b94192ab77cf04f06b9793dd,11478,HIERROS DE JERUSALEM S.A.,PENDING_REVIEW,1791240215552,1791556866058,,
6a2a32654219ce7bc19903578c6adce2939ee87a91774d907bfb59b07f683918,SDN,1919d7ccdad5a6a4542ca196b746613ae7cdf218b94192ab77cf04f06b9793dd,11479,TAXI AEREO ANTIOQUENO S.A.,PENDING_REVIEW,1791240215552,1791556866058,,
6a2a32654219ce7bc19903578c6adce2939ee87a91774d907bfb59b07f683918,SDN,1919d7ccdad5a6a4542ca196b746613ae7cdf218b94192ab77cf04f06b9793dd,11480,LLANOTOUR LTDA.,PENDING_REVIEW,1791240215552,1791556866058,,
6a2a32654219ce7bc19903578c6adce2939ee87a91774d907bfb59b07f683918,SDN,1919d7ccdad5a6a4542ca196b746613ae7cdf218b94192ab77cf04f06b9793dd,11481,AGROGANADERA LOS SANTOS S.A.,PENDING_REVIEW,1791240215552,1791556866058,,
6a2a32654219ce7bc19903578c6adce2939ee87a91774d907bfb59b07f683918,SDN,1919d7ccdad5a6a4542ca196b746613ae7cdf218b94192ab77cf04f06b9793dd,11482,AGROESPINAL S.A.,PENDING_REVIEW,1791240215552,1791556866058,,
6a2a32654219ce7bc19903578c6adce2939ee87a91774d907bfb59b07f683918,SDN,1919d7ccdad5a6a4542ca196b746613ae7cdf218b94192ab77cf04f06b9793dd,11483,AERONAUTICA CONDOR S.A. DE C.V.,PENDING_REVIEW,1791240215552,1791556866058,,
6a2a32654219ce7bc19903578c6adce2939ee87a91774d907bfb59b07f683918,SDN,1919d7ccdad5a6a4542ca196b746613ae7cdf218b94192ab77cf04f06b9793dd,11484,"AERONAUTICA CONDOR DE PANAMA, S.A.",PENDING_REVIEW,1791240215552,1791556866058,,
6a2a32654219ce7bc19903578c6adce2939ee87a91774d907bfb59b07f683918,SDN,1919d7ccdad5a6a4542ca196b746613ae7cdf218b94192ab77cf04f06b9793dd,11485,"GRUPO FALCON DE PANAMA, S.A.",PENDING_REVIEW,1791240215552,1791556866058,,
6a2a32654219ce7bc19903578c6adce2939ee87a91774d907bfb59b07f683918,SDN,1919d7ccdad5a6a4542ca196b746613ae7cdf218b94192ab77cf04f06b9793dd,11486,GRUPO FALCON S.A.,PENDING_REVIEW,1791240215552,1791556866058,,
6a2a32654219ce7bc19903578c6adce2939ee87a91774d907bfb59b07f683918,SDN,1919d7ccdad5a6a4542ca196b746613ae7cdf218b94192ab77cf04f06b9793dd,11487,GRUPO GUADALEST S.A. DE C.V.,PENDING_REVIEW,1791240215552,1791556866058,,
6a2a32654219ce7bc19903578c6adce2939ee87a91774d907bfb59b07f683918,SDN,1919d7ccdad5a6a4542ca196b746613ae7cdf218b94192ab77cf04f06b9793dd,11488,FRANZUL S.A.,PENDING_REVIEW,1791240215552,1791556866058,,
6a2a32654219ce7bc19903578c6adce2939ee87a91774d907bfb59b07f683918,SDN,1919d7ccdad5a6a4542ca196b746613ae7cdf218b94192ab77cf04f06b9793dd,11489,CONSTRUCTORA GUADALEST S.A.,PENDING_REVIEW,1791240215552,1791556866058,,
6a2a32654219ce7bc19903578c6adce2939ee87a91774d907bfb59b07f683918,SDN,1919d7ccdad5a6a4542ca196b746613ae7cdf218b94192ab77cf04f06b9793dd,11490,ASES DE COMPETENCIA Y CIA. S.A.,PENDING_REVIEW,1791240215552,1791556866058,,
6a2a32654219ce7bc19903578c6adce2939ee87a91774d907bfb59b07f683918,SDN,1919d7ccdad5a6a4542ca196b746613ae7cdf218b94192ab77cf04f06b9793dd,11536,KADDOURA Ali Ahmad,PENDING_REVIEW,1791240215552,1791556866058,,
6a2a32654219ce7bc19903578c6adce2939ee87a91774d907bfb59b07f683918,SDN,1919d7ccdad5a6a4542ca196b746613ae7cdf218b94192ab77cf04f06b9793dd,11537,HENAO JARAMILLO Mario Alberto,PENDING_REVIEW,1791240215552,1791556866058,,
6a2a32654219ce7bc19903578c6adce2939ee87a91774d907bfb59b07f683918,SDN,1919d7ccdad5a6a4542ca196b746613ae7cdf218b94192ab77cf04f06b9793dd,11538,ABDUL RAHIM Ali Mohamad,PENDING_REVIEW,1791240215552,1791556866058,,
6a2a32654219ce7bc19903578c6adce2939ee87a91774d907bfb59b07f683918,SDN,1919d7ccdad5a6a4542ca196b746613ae7cdf218b94192ab77cf04f06b9793dd,11539,ALVARADO Imad Abdul Rahim,PENDING_REVIEW,1791240215552,1791556866058,,
6a2a32654219ce7bc19903578c6adce2939ee87a91774d907bfb59b07f683918,SDN,1919d7ccdad5a6a4542ca196b746613ae7cdf218b94192ab77cf04f06b9793dd,11540,DIB EL MALT Abdul Naser,PENDING_REVIEW,1791240215552,1791556866058,,
6a2a32654219ce7bc19903578c6adce2939ee87a91774d907bfb59b07f683918,SDN,1919d7ccdad5a6a4542ca196b746613ae7cdf218b94192ab77cf04f06b9793dd,11541,MADRID FRANCO Cecilia,PENDING_REVIEW,1791240215552,1791556866058,,
6a2a32654219ce7bc19903578c6adce2939ee87a91774d907bfb59b07f683918,SDN,1919d7ccdad5a6a4542ca196b746613ae7cdf218b94192ab77cf04f06b9793dd,11542,CANAS PULIDO Ramon Alberto,PENDING_REVIEW,1791240215552,1791556866058,,
6a2a32654219ce7bc19903578c6adce2939ee87a91774d907bfb59b07f683918,SDN,1919d7ccdad5a6a4542ca196b746613ae7cdf218b94192ab77cf04f06b9793dd,11543,GONZALEZ HOYOS Carlos Enrique,PENDING_REVIEW,1791240215552,1791556866058,,
6a2a32654219ce7bc19903578c6adce2939ee87a91774d907bfb59b07f683918,SDN,1919d7ccdad5a6a4542ca196b746613ae7cdf218b94192ab77cf04f06b9793dd,11545,VARELA BUSTOS Fernando,PENDING_REVIEW,1791240215552,1791556866058,,
6a2a32654219ce7bc19903578c6adce2939ee87a91774d907bfb59b07f683918,SDN,1919d7ccdad5a6a4542ca196b746613ae7cdf218b94192ab77cf04f06b9793dd,11546,HARB Chekri Mahmoud,PENDING_REVIEW,1791240215552,1791556866058,,
6a2a32654219ce7bc19903578c6adce2939ee87a91774d907bfb59b07f683918,SDN,1919d7ccdad5a6a4542ca196b746613ae7cdf218b94192ab77cf04f06b9793dd,11550,ACOSTA SERNA Robinson Duvan,PENDING_REVIEW,1791240215552,1791556866058,,
6a2a32654219ce7bc19903578c6adce2939ee87a91774d907bfb59b07f683918,SDN,1919d7ccdad5a6a4542ca196b746613ae7cdf218b94192ab77cf04f06b9793dd,11551,ACOSTA SERNA Oscar Alonso,PENDING_REVIEW,1791240215552,1791556866058,,
6a2a32654219ce7bc19903578c6adce2939ee87a91774d907bfb59b07f683918,SDN,1919d7ccdad5a6a4542ca196b746613ae7cdf218b94192ab77cf04f06b9793dd,11552,RINCON ORDONEZ Jorge Enrique,PENDING_REVIEW,1791240215552,1791556866058,,
6a2a32654219ce7bc19903578c6adce2939ee87a91774d907bfb59b07f683918,SDN,1919d7ccdad5a6a4542ca196b746613ae7cdf218b94192ab77cf04f06b9793dd,11554,FLOREZ UPEGUI Francisco Antonio,PENDING_REVIEW,1791240215552,1791556866058,,
6a2a32654219ce7bc19903578c6adce2939ee87a91774d907bfb59b07f683918,SDN,1919d7ccdad5a6a4542ca196b746613ae7cdf218b94192ab77cf04f06b9793dd,11555,VARIEDADES HARB SPORT,PENDING_REVIEW,1791240215552,1791556866058,,
6a2a32654219ce7bc19903578c6adce2939ee87a91774d907bfb59b07f683918,SDN,1919d7ccdad5a6a4542ca196b746613ae7cdf218b94192ab77cf04f06b9793dd,11556,ALMACEN FUTURO NO. 1,PENDING_REVIEW,1791240215552,1791556866058,,
6a2a32654219ce7bc19903578c6adce2939ee87a91774d907bfb59b07f683918,SDN,1919d7ccdad5a6a4542ca196b746613ae7cdf218b94192ab77cf04f06b9793dd,11557,COMERCIAL JINAN S.A.,PENDING_REVIEW,1791240215552,1791556866058,,
6a2a32654219ce7bc19903578c6adce2939ee87a91774d907bfb59b07f683918,SDN,1919d7ccdad5a6a4542ca196b746613ae7cdf218b94192ab77cf04f06b9793dd,11558,CANALES VENECIA LTDA.,PENDING_REVIEW,1791240215552,1791556866058,,
6a2a32654219ce7bc19903578c6adce2939ee87a91774d907bfb59b07f683918,SDN,1919d7ccdad5a6a4542ca196b746613ae7cdf218b94192ab77cf04f06b9793dd,11560,FLOREZ HERMANOS LTDA.,PENDING_REVIEW,1791240215552,1791556866058,,
6a2a32654219ce7bc19903578c6adce2939ee87a91774d907bfb59b07f683918,SDN,1919d7ccdad5a6a4542ca196b746613ae7cdf218b94192ab77cf04f06b9793dd,11752,TASCON ROJAS Servio Tulio,PENDING_REVIEW,1791240215552,1791556866058,,
6a2a32654219ce7bc19903578c6adce2939ee87a91774d907bfb59b07f683918,SDN,1919d7ccdad5a6a4542ca196b746613ae7cdf218b94192ab77cf04f06b9793dd,11755,SAAVEDRA ARCE Rodrigo Eugenio,PENDING_REVIEW,1791240215552,1791556866058,,
6a2a32654219ce7bc19903578c6adce2939ee87a91774d907bfb59b07f683918,SDN,1919d7ccdad5a6a4542ca196b746613ae7cdf218b94192ab77cf04f06b9793dd,11760,GUTIERREZ AGUIRRE Duffay,PENDING_REVIEW,1791240215552,1791556866058,,
6a2a32654219ce7bc19903578c6adce2939ee87a91774d907bfb59b07f683918,SDN,1919d7ccdad5a6a4542ca196b746613ae7cdf218b94192ab77cf04f06b9793dd,11767,CIFUENTES VARGAS Yanet,PENDING_REVIEW,1791240215552,1791556866058,,
6a2a32654219ce7bc19903578c6adce2939ee87a91774d907bfb59b07f683918,SDN,1919d7ccdad5a6a4542ca196b746613ae7cdf218b94192ab77cf04f06b9793dd,11768,CIFUENTES VARGAS Orlando,PENDING_REVIEW,1791240215552,1791556866058,,
6a2a32654219ce7bc19903578c6adce2939ee87a91774d907bfb59b07f683918,SDN,1919d7ccdad5a6a4542ca196b746613ae7cdf218b94192ab77cf04f06b9793dd,11771,UNIVISA S.A.,PENDING_REVIEW,1791240215552,1791556866058,,
6a2a32654219ce7bc19903578c6adce2939ee87a91774d907bfb59b07f683918,SDN,1919d7ccdad5a6a4542ca196b746613ae7cdf218b94192ab77cf04f06b9793dd,11772,SERVIAGRICOLA CIFUENTES E.U.,PENDING_REVIEW,1791240215552,1791556866058,,
6a2a32654219ce7bc19903578c6adce2939ee87a91774d907bfb59b07f683918,SDN,1919d7ccdad5a6a4542ca196b746613ae7cdf218b94192ab77cf04f06b9793dd,11773,SAAVEDRA Y CIA. S. EN C.,PENDING_REVIEW,1791240215552,1791556866058,,
6a2a32654219ce7bc19903578c6adce2939ee87a91774d907bfb59b07f683918,SDN,1919d7ccdad5a6a4542ca196b746613ae7cdf218b94192ab77cf04f06b9793dd,11774,RESTAURANTE BAR PUNTA DEL ESTE,PENDING_REVIEW,1791240215552,1791556866058,,
6a2a32654219ce7bc19903578c6adce2939ee87a91774d907bfb59b07f683918,SDN,1919d7ccdad5a6a4542ca196b746613ae7cdf218b94192ab77cf04f06b9793dd,11783,BOSQUE DE SANTA TERESITA LTDA.,PENDING_REVIEW,1791240215552,1791556866058,,
6a2a32654219ce7bc19903578c6adce2939ee87a91774d907bfb59b07f683918,SDN,1919d7ccdad5a6a4542ca196b746613ae7cdf218b94192ab77cf04f06b9793dd,11784,ALIMENTOS CARNICOS DE TRADICION ESPANOLA LTDA.,PENDING_REVIEW,1791240215552,1791556866058,,
6a2a32654219ce7bc19903578c6adce2939ee87a91774d907bfb59b07f683918,SDN,1919d7ccdad5a6a4542ca196b746613ae7cdf218b94192ab77cf04f06b9793dd,12087,RAMIREZ DUQUE Carlos Manuel,PENDING_REVIEW,1791240215552,1791556866058,,
6a2a32654219ce7bc19903578c6adce2939ee87a91774d907bfb59b07f683918,SDN,1919d7ccdad5a6a4542ca196b746613ae7cdf218b94192ab77cf04f06b9793dd,12090,CASTRO JARAMILLO Monica Maria,PENDING_REVIEW,1791240215552,1791556866058,,
6a2a32654219ce7bc19903578c6adce2939ee87a91774d907bfb59b07f683918,SDN,1919d7ccdad5a6a4542ca196b746613ae7cdf218b94192ab77cf04f06b9793dd,12091,RODRIGUEZ FERNANDEZ Andre,PENDING_REVIEW,1791240215552,1791556866058,,
6a2a32654219ce7bc19903578c6adce2939ee87a91774d907bfb59b07f683918,SDN,1919d7ccdad5a6a4542ca196b746613ae7cdf218b94192ab77cf04f06b9793dd,12096,"MASA FACIL, S.A. DE C.V.",PENDING_REVIEW,1791240215552,1791556866058,,
6a2a32654219ce7bc19903578c6adce2939ee87a91774d907bfb59b07f683918,SDN,1919d7ccdad5a6a4542ca196b746613ae7cdf218b94192ab77cf04f06b9793dd,12101,COMERCIALIZADORA DE GANADO Y RENTAS DE CAPITAL S.A.,PENDING_REVIEW,1791240215552,1791556866058,,
6a2a32654219ce7bc19903578c6adce2939ee87a91774d907bfb59b07f683918,SDN,1919d7ccdad5a6a4542ca196b746613ae7cdf218b94192ab77cf04f06b9793dd,22751,Lucena Ramirez Tibisay,PENDING_REVIEW,1791240215552,1791556866058,,
6a2a32654219ce7bc19903578c6adce2939ee87a91774d907bfb59b07f683918,SDN,1919d7ccdad5a6a4542ca196b746613ae7cdf218b94192ab77cf04f06b9793dd,22810,VIVAS VELASCO Ramon Dario,PENDING_REVIEW,1791240215552,1791556866058,,
6a2a32654219ce7bc19903578c6adce2939ee87a91774d907bfb59b07f683918,SDN,1919d7ccdad5a6a4542ca196b746613ae7cdf218b94192ab77cf04f06b9793dd,26419,Garcia Carneiro Jorge Luis,PENDING_REVIEW,1791240215552,1791556866058,,
6a2a32654219ce7bc19903578c6adce2939ee87a91774d907bfb59b07f683918,SDN,1919d7ccdad5a6a4542ca196b746613ae7cdf218b94192ab77cf04f06b9793dd,32747,Auramenka Aliaksei Mikalaevich,PENDING_REVIEW,1791240215552,1791556866058,,
6a2a32654219ce7bc19903578c6adce2939ee87a91774d907bfb59b07f683918,SDN,1919d7ccdad5a6a4542ca196b746613ae7cdf218b94192ab77cf04f06b9793dd,8307,ABBAS Abdul Hussein,PENDING_REVIEW,1791240215552,1791556866058,,
6a2a32654219ce7bc19903578c6adce2939ee87a91774d907bfb59b07f683918,SDN,1919d7ccdad5a6a4542ca196b746613ae7cdf218b94192ab77cf04f06b9793dd,8311,AHMAD Rasem,PENDING_REVIEW,1791240215552,1791556866058,,
6a2a32654219ce7bc19903578c6adce2939ee87a91774d907bfb59b07f683918,SDN,1919d7ccdad5a6a4542ca196b746613ae7cdf218b94192ab77cf04f06b9793dd,8312,AHMAD Wallid Issa,PENDING_REVIEW,1791240215552,1791556866058,,
6a2a32654219ce7bc19903578c6adce2939ee87a91774d907bfb59b07f683918,SDN,1919d7ccdad5a6a4542ca196b746613ae7cdf218b94192ab77cf04f06b9793dd,8313,AL-AMIRI Adnan Talib Hassim,PENDING_REVIEW,1791240215552,1791556866058,,
6a2a32654219ce7bc19903578c6adce2939ee87a91774d907bfb59b07f683918,SDN,1919d7ccdad5a6a4542ca196b746613ae7cdf218b94192ab77cf04f06b9793dd,8316,AL-AZAWI Dafir,PENDING_REVIEW,1791240215552,1791556866058,,
6a2a32654219ce7bc19903578c6adce2939ee87a91774d907bfb59b07f683918,SDN,1919d7ccdad5a6a4542ca196b746613ae7cdf218b94192ab77cf04f06b9793dd,8317,AL-BAZZAZ Hikmet Abdallah,PENDING_REVIEW,1791240215552,1791556866058,,
6a2a32654219ce7bc19903578c6adce2939ee87a91774d907bfb59b07f683918,SDN,1919d7ccdad5a6a4542ca196b746613ae7cdf218b94192ab77cf04f06b9793dd,8318,AL-DAJANI Leila N.S.,PENDING_REVIEW,1791240215552,1791556866058,,
6a2a32654219ce7bc19903578c6adce2939ee87a91774d907bfb59b07f683918,SDN,1919d7ccdad5a6a4542ca196b746613ae7cdf218b94192ab77cf04f06b9793dd,8319,AL-DAJANI Nadim S.,PENDING_REVIEW,1791240215552,1791556866058,,
6a2a32654219ce7bc19903578c6adce2939ee87a91774d907bfb59b07f683918,SDN,1919d7ccdad5a6a4542ca196b746613ae7cdf218b94192ab77cf04f06b9793dd,8320,AL-DAJANI Sa'ad,PENDING_REVIEW,1791240215552,1791556866058,,
6a2a32654219ce7bc19903578c6adce2939ee87a91774d907bfb59b07f683918,SDN,1919d7ccdad5a6a4542ca196b746613ae7cdf218b94192ab77cf04f06b9793dd,8323,AL-HAMMADI Hamid Yusif,PENDING_REVIEW,1791240215552,1791556866058,,
6a2a32654219ce7bc19903578c6adce2939ee87a91774d907bfb59b07f683918,SDN,1919d7ccdad5a6a4542ca196b746613ae7cdf218b94192ab77cf04f06b9793dd,8327,AL-JABBURI Sadi Tuma Abbas,PENDING_REVIEW,1791240215552,1791556866058,,
6a2a32654219ce7bc19903578c6adce2939ee87a91774d907bfb59b07f683918,SDN,1919d7ccdad5a6a4542ca196b746613ae7cdf218b94192ab77cf04f06b9793dd,8330,AL-MAJID Hussein Kamel Hassan,PENDING_REVIEW,1791240215552,1791556866058,,
6a2a32654219ce7bc19903578c6adce2939ee87a91774d907bfb59b07f683918,SDN,1919d7ccdad5a6a4542ca196b746613ae7cdf218b94192ab77cf04f06b9793dd,8332,AL-QASIR Nazar Jumah Ali,PENDING_REVIEW,1791240215552,1791556866058,,
6a2a32654219ce7bc19903578c6adce2939ee87a91774d907bfb59b07f683918,SDN,1919d7ccdad5a6a4542ca196b746613ae7cdf218b94192ab77cf04f06b9793dd,8334,AL-RUBA Dr. Khadim,PENDING_REVIEW,1791240215552,1791556866058,,
6a2a32654219ce7bc19903578c6adce2939ee87a91774d907bfb59b07f683918,SDN,1919d7ccdad5a6a4542ca196b746613ae7cdf218b94192ab77cf04f06b9793dd,8336,AL-ZIBARI Arshad Muhammad Ahmad Muhammad,PENDING_REVIEW,1791240215552,1791556866058,,
6a2a32654219ce7bc19903578c6adce2939ee87a91774d907bfb59b07f683918,SDN,1919d7ccdad5a6a4542ca196b746613ae7cdf218b94192ab77cf04f06b9793dd,8337,ALAWI Abdel-Salam Abdel-Rahman,PENDING_REVIEW,1791240215552,1791556866058,,
6a2a32654219ce7bc19903578c6adce2939ee87a91774d907bfb59b07f683918,SDN,1919d7ccdad5a6a4542ca196b746613ae7cdf218b94192ab77cf04f06b9793dd,8339,ALWAN Allaidin Hussain,PENDING_REVIEW,1791240215552,1791556866058,,
6a2a32654219ce7bc19903578c6adce2939ee87a91774d907bfb59b07f683918,SDN,1919d7ccdad5a6a4542ca196b746613ae7cdf218b94192ab77cf04f06b9793dd,8340,AMD CO. LTD AGENCY,PENDING_REVIEW,1791240215552,1791556866058,,
6a2a32654219ce7bc19903578c6adce2939ee87a91774d907bfb59b07f683918,SDN,1919d7ccdad5a6a4542ca196b746613ae7cdf218b94192ab77cf04f06b9793dd,8342,ARAB PROJECTS COMPANY S.A. LTD.,PENDING_REVIEW,1791240215552,1791556866058,,
6a2a32654219ce7bc19903578c6adce2939ee87a91774d907bfb59b07f683918,SDN,1919d7ccdad5a6a4542ca196b746613ae7cdf218b94192ab77cf04f06b9793dd,8348,ATIA Hachim K.,PENDING_REVIEW,1791240215552,1791556866058,,
6a2a32654219ce7bc19903578c6adce2939ee87a91774d907bfb59b07f683918,SDN,1919d7ccdad5a6a4542ca196b746613ae7cdf218b94192ab77cf04f06b9793dd,8357,DAGHIR Ali Ashour,PENDING_REVIEW,1791240215552,1791556866058,,
6a2a32654219ce7bc19903578c6adce2939ee87a91774d907bfb59b07f683918,SDN,1919d7ccdad5a6a4542ca196b746613ae7cdf218b94192ab77cf04f06b9793dd,8359,DURAND PROPERTIES LIMITED,PENDING_REVIEW,1791240215552,1791556866058,,
6a2a32654219ce7bc19903578c6adce2939ee87a91774d907bfb59b07f683918,SDN,1919d7ccdad5a6a4542ca196b746613ae7cdf218b94192ab77cf04f06b9793dd,8366,FARTRADE HOLDINGS S.A.,PENDING_REVIEW,1791240215552,1791556866058,,
6a2a32654219ce7bc19903578c6adce2939ee87a91774d907bfb59b07f683918,SDN,1919d7ccdad5a6a4542ca196b746613ae7cdf218b94192ab77cf04f06b9793dd,8367,FATTAH Jum'a Abdul,PENDING_REVIEW,1791240215552,1791556866058,,
6a2a32654219ce7bc19903578c6adce2939ee87a91774d907bfb59b07f683918,SDN,1919d7ccdad5a6a4542ca196b746613ae7cdf218b94192ab77cf04f06b9793dd,8369,HABIB Mohammed Turki,PENDING_REVIEW,1791240215552,1791556866058,,
6a2a32654219ce7bc19903578c6adce2939ee87a91774d907bfb59b07f683918,SDN,1919d7ccdad5a6a4542ca196b746613ae7cdf218b94192ab77cf04f06b9793dd,8370,HELFORD DIRECTORS LIMITED,PENDING_REVIEW,1791240215552,1791556866058,,
6a2a32654219ce7bc19903578c6adce2939ee87a91774d907bfb59b07f683918,SDN,1919d7ccdad5a6a4542ca196b746613ae7cdf218b94192ab77cf04f06b9793dd,8378,JASIM Latif Nusayyif,PENDING_REVIEW,1791240215552,1791556866058,,
6a2a32654219ce7bc19903578c6adce2939ee87a91774d907bfb59b07f683918,SDN,1919d7ccdad5a6a4542ca196b746613ae7cdf218b94192ab77cf04f06b9793dd,8379,JON Hana Paul,PENDING_REVIEW,1791240215552,1791556866058,,
6a2a32654219ce7bc19903578c6adce2939ee87a91774d907bfb59b07f683918,SDN,1919d7ccdad5a6a4542ca196b746613ae7cdf218b94192ab77cf04f06b9793dd,8380,JUME'AN George,PENDING_REVIEW,1791240215552,1791556866058,,
6a2a32654219ce7bc19903578c6adce2939ee87a91774d907bfb59b07f683918,SDN,1919d7ccdad5a6a4542ca196b746613ae7cdf218b94192ab77cf04f06b9793dd,8382,KARAGHULLY Labeed A.,PENDING_REVIEW,1791240215552,1791556866058,,
6a2a32654219ce7bc19903578c6adce2939ee87a91774d907bfb59b07f683918,SDN,1919d7ccdad5a6a4542ca196b746613ae7cdf218b94192ab77cf04f06b9793dd,8384,KHALIL Dr. Ahmad Murtada Ahmad,PENDING_REVIEW,1791240215552,1791556866058,,
6a2a32654219ce7bc19903578c6adce2939ee87a91774d907bfb59b07f683918,SDN,1919d7ccdad5a6a4542ca196b746613ae7cdf218b94192ab77cf04f06b9793dd,8385,MALIK Assim Mohammed Rafiq Abdul,PENDING_REVIEW,1791240215552,1791556866058,,
6a2a32654219ce7bc19903578c6adce2939ee87a91774d907bfb59b07f683918,SDN,1919d7ccdad5a6a4542ca196b746613ae7cdf218b94192ab77cf04f06b9793dd,8388,MOHAMED Abdul Kader Ibrahim,PENDING_REVIEW,1791240215552,1791556866058,,
6a2a32654219ce7bc19903578c6adce2939ee87a91774d907bfb59b07f683918,SDN,1919d7ccdad5a6a4542ca196b746613ae7cdf218b94192ab77cf04f06b9793dd,8390,NAMAN Saalim,PENDING_REVIEW,1791240215552,1791556866058,,
6a2a32654219ce7bc19903578c6adce2939ee87a91774d907bfb59b07f683918,SDN,1919d7ccdad5a6a4542ca196b746613ae7cdf218b94192ab77cf04f06b9793dd,8392,OMRAN Karim Dhaidas,PENDING_REVIEW,1791240215552,1791556866058,,
6a2a32654219ce7bc19903578c6adce2939ee87a91774d907bfb59b07f683918,SDN,1919d7ccdad5a6a4542ca196b746613ae7cdf218b94192ab77cf04f06b9793dd,8399,RZOOKI Hanna,PENDING_REVIEW,1791240215552,1791556866058,,
6a2a32654219ce7bc19903578c6adce2939ee87a91774d907bfb59b07f683918,SDN,1919d7ccdad5a6a4542ca196b746613ae7cdf218b94192ab77cf04f06b9793dd,8406,TALL Aktham,PENDING_REVIEW,1791240215552,1791556866058,,
6a2a32654219ce7bc19903578c6adce2939ee87a91774d907bfb59b07f683918,SDN,1919d7ccdad5a6a4542ca196b746613ae7cdf218b94192ab77cf04f06b9793dd,8407,TARIQ ABU SHANAB EST. FOR TRADE & COMMERCE,PENDING_REVIEW,1791240215552,1791556866058,,
6a2a32654219ce7bc19903578c6adce2939ee87a91774d907bfb59b07f683918,SDN,1919d7ccdad5a6a4542ca196b746613ae7cdf218b94192ab77cf04f06b9793dd,8409,"TIGRIS TRADING, INC.",PENDING_REVIEW,1791240215552,1791556866058,,
6a2a32654219ce7bc19903578c6adce2939ee87a91774d907bfb59b07f683918,SDN,1919d7ccdad5a6a4542ca196b746613ae7cdf218b94192ab77cf04f06b9793dd,8413,ZAHRAN Yousuf,PENDING_REVIEW,1791240215552,1791556866058,,
6a2a32654219ce7bc19903578c6adce2939ee87a91774d907bfb59b07f683918,SDN,1919d7ccdad5a6a4542ca196b746613ae7cdf218b94192ab77cf04f06b9793dd,8414,ZAINAL Akram,PENDING_REVIEW,1791240215552,1791556866058,,
6a2a32654219ce7bc19903578c6adce2939ee87a91774d907bfb59b07f683918,SDN,1919d7ccdad5a6a4542ca196b746613ae7cdf218b94192ab77cf04f06b9793dd,8600,HERNANDEZ ZEA Luis Antonio,PENDING_REVIEW,1791240215552,1791556866058,,
6a2a32654219ce7bc19903578c6adce2939ee87a91774d907bfb59b07f683918,SDN,1919d7ccdad5a6a4542ca196b746613ae7cdf218b94192ab77cf04f06b9793dd,8731,ACCIRENT S.A.,PENDING_REVIEW,1791240215552,1791556866058,,
6a2a32654219ce7bc19903578c6adce2939ee87a91774d907bfb59b07f683918,SDN,1919d7ccdad5a6a4542ca196b746613ae7cdf218b94192ab77cf04f06b9793dd,8732,AEROCOMERCIAL ALAS DE COLOMBIA LTDA.,PENDING_REVIEW,1791240215552,1791556866058,,
6a2a32654219ce7bc19903578c6adce2939ee87a91774d907bfb59b07f683918,SDN,1919d7ccdad5a6a4542ca196b746613ae7cdf218b94192ab77cf04f06b9793dd,8733,AEROVIAS ATLANTICO LTDA.,PENDING_REVIEW,1791240215552,1791556866058,,
6a2a32654219ce7bc19903578c6adce2939ee87a91774d907bfb59b07f683918,SDN,1919d7ccdad5a6a4542ca196b746613ae7cdf218b94192ab77cf04f06b9793dd,8734,ASOCIACION TURISTICA INTERNACIONAL S.C.S.,PENDING_REVIEW,1791240215552,1791556866058,,
6a2a32654219ce7bc19903578c6adce2939ee87a91774d907bfb59b07f683918,SDN,1919d7ccdad5a6a4542ca196b746613ae7cdf218b94192ab77cf04f06b9793dd,8735,CIA. CONSTRUCTORA Y COMERCIALIZADORA DEL SUR LTDA.,PENDING_REVIEW,1791240215552,1791556866058,,
6a2a32654219ce7bc19903578c6adce2939ee87a91774d907bfb59b07f683918,SDN,1919d7ccdad5a6a4542ca196b746613ae7cdf218b94192ab77cf04f06b9793dd,8737,DESARROLLOS AGROINDUSTRIALES S.A.,PENDING_REVIEW,1791240215552,1791556866058,,
6a2a32654219ce7bc19903578c6adce2939ee87a91774d907bfb59b07f683918,SDN,1919d7ccdad5a6a4542ca196b746613ae7cdf218b94192ab77cf04f06b9793dd,8738,GREEN ISLAND S.A.,PENDING_REVIEW,1791240215552,1791556866058,,
6a2a32654219ce7bc19903578c6adce2939ee87a91774d907bfb59b07f683918,SDN,1919d7ccdad5a6a4542ca196b746613ae7cdf218b94192ab77cf04f06b9793dd,8740,INTERCONTINENTAL DE FINANCIACION AEREA S.A.,PENDING_REVIEW,1791240215552,1791556866058,,
6a2a32654219ce7bc19903578c6adce2939ee87a91774d907bfb59b07f683918,SDN,1919d7ccdad5a6a4542ca196b746613ae7cdf218b94192ab77cf04f06b9793dd,8741,INVERSIONES Y COMERCIALIZADORA INCOM LTDA.,PENDING_REVIEW,1791240215552,1791556866058,,
6a2a32654219ce7bc19903578c6adce2939ee87a91774d907bfb59b07f683918,SDN,1919d7ccdad5a6a4542ca196b746613ae7cdf218b94192ab77cf04f06b9793dd,8743,LARGO LEASING LTD.,PENDING_REVIEW,1791240215552,1791556866058,,
6a2a32654219ce7bc19903578c6adce2939ee87a91774d907bfb59b07f683918,SDN,1919d7ccdad5a6a4542ca196b746613ae7cdf218b94192ab77cf04f06b9793dd,8744,TRANS PACIFIC WORLD LEASING LIMITED,PENDING_REVIEW,1791240215552,1791556866058,,
6a2a32654219ce7bc19903578c6adce2939ee87a91774d907bfb59b07f683918,SDN,1919d7ccdad5a6a4542ca196b746613ae7cdf218b94192ab77cf04f06b9793dd,8745,VELEZ RENGIFO Piedad,PENDING_REVIEW,1791240215552,1791556866058,,
6a2a32654219ce7bc19903578c6adce2939ee87a91774d907bfb59b07f683918,SDN,1919d7ccdad5a6a4542ca196b746613ae7cdf218b94192ab77cf04f06b9793dd,8746,ARCE JARAMILLO Melba Rosa,PENDING_REVIEW,1791240215552,1791556866058,,
6a2a32654219ce7bc19903578c6adce2939ee87a91774d907bfb59b07f683918,SDN,1919d7ccdad5a6a4542ca196b746613ae7cdf218b94192ab77cf04f06b9793dd,9564,QUINTERO SANCLEMENTE Ramon Alberto,PENDING_REVIEW,1791240215552,1791556866058,,
67775c4d26ce434dae542a758e3c052a59331d3b65c860631e564c31b2a5fb69,SDN,3d43f641650e7c3cb11303784d6329e3a50d2df14a1497541ddeef5d69090695,54931,Hakuna Matata,PENDING_REVIEW,1791481869597,1791556866058,,
67775c4d26ce434dae542a758e3c052a59331d3b65c860631e564c31b2a5fb69,SDN,3d43f641650e7c3cb11303784d6329e3a50d2df14a1497541ddeef5d69090695,54934,Pinocchio,PENDING_REVIEW,1791481869597,1791556866058,,
30b254b6d89aff26aa1d2d941520f24192259c0e0cb17ecf371261cb11517b62,SDN,df65bed201df2dc1f5fbccb581e7c683b5673aa7674066b6f99fef506db93662,47354,Htet Theint Win,PENDING_REVIEW,1791556866058,1791556866058,,
