checked_at,source,status,content_hash,source_updated,record_count,raw_path
2026-08-29T21:42:27Z,mof,error,,,,
2026-08-29T21:46:43Z,mof,changed,ba532e9563b85344a008a3b5b897d2418c36d46166306ab3639021fcb18fadd2,令和8年8月28日,14743,data/raw/mof/20260829T214642Z__shisantouketsu20260828.csv
2026-08-29T21:52:17Z,ofac_cons,fetched,fa681487dfd865c189177b478a171178ab8e7133402342acc51f638a7bc121de,"Fri, 28 Aug 2026 14:02:55 GMT",1591,data/raw/ofac_cons/20260829T215217Z__cons_prim.csv
2026-08-29T21:52:17Z,ofac_sdn,fetched,a2ccea04237a13459009bc527502bb6a08d4e84fe97b46fcce1ed621e9a8301e,"Fri, 28 Aug 2026 14:02:55 GMT",39468,data/raw/ofac_sdn/20260829T215216Z__sdn.csv
2026-08-29T22:03:20Z,ofac_cons,unchanged,fa681487dfd865c189177b478a171178ab8e7133402342acc51f638a7bc121de,"Fri, 28 Aug 2026 14:02:55 GMT",1591,
2026-08-29T22:03:20Z,ofac_sdn,unchanged,a2ccea04237a13459009bc527502bb6a08d4e84fe97b46fcce1ed621e9a8301e,"Fri, 28 Aug 2026 14:02:55 GMT",39468,
2026-08-29T22:24:55Z,ofac_cons,unchanged,fa681487dfd865c189177b478a171178ab8e7133402342acc51f638a7bc121de,"Fri, 28 Aug 2026 14:02:55 GMT",1591,
2026-08-29T22:24:55Z,ofac_sdn,unchanged,a2ccea04237a13459009bc527502bb6a08d4e84fe97b46fcce1ed621e9a8301e,"Fri, 28 Aug 2026 14:02:55 GMT",39468,
2026-08-29T22:32:31Z,meti,error,,,,
2026-08-29T22:32:31Z,mof,unchanged,ba532e9563b85344a008a3b5b897d2418c36d46166306ab3639021fcb18fadd2,令和8年8月28日,14743,
2026-08-29T22:33:48Z,meti,blocked,,,,
2026-08-29T22:33:48Z,mof,unchanged,ba532e9563b85344a008a3b5b897d2418c36d46166306ab3639021fcb18fadd2,令和8年8月28日,14743,
2026-08-29T22:39:41Z,mof,unchanged,ba532e9563b85344a008a3b5b897d2418c36d46166306ab3639021fcb18fadd2,令和8年8月28日,14743,
2026-08-29T22:39:41Z,meti,blocked,,,,
2026-08-29T23:24:59Z,ofac_sdn,unchanged,a2ccea04237a13459009bc527502bb6a08d4e84fe97b46fcce1ed621e9a8301e,"Fri, 28 Aug 2026 14:02:55 GMT",39468,
2026-08-29T23:24:59Z,ofac_cons,unchanged,fa681487dfd865c189177b478a171178ab8e7133402342acc51f638a7bc121de,"Fri, 28 Aug 2026 14:02:55 GMT",1591,
2026-08-30T00:25:00Z,ofac_sdn,unchanged,a2ccea04237a13459009bc527502bb6a08d4e84fe97b46fcce1ed621e9a8301e,"Fri, 28 Aug 2026 14:02:55 GMT",39468,
2026-08-30T00:25:00Z,ofac_cons,unchanged,fa681487dfd865c189177b478a171178ab8e7133402342acc51f638a7bc121de,"Fri, 28 Aug 2026 14:02:55 GMT",1591,
2026-08-30T00:41:09Z,mof,unchanged,ba532e9563b85344a008a3b5b897d2418c36d46166306ab3639021fcb18fadd2,令和8年8月28日,14743,
2026-08-30T00:41:09Z,meti,blocked,,,,
2026-08-30T01:25:37Z,ofac_sdn,unchanged,a2ccea04237a13459009bc527502bb6a08d4e84fe97b46fcce1ed621e9a8301e,"Fri, 28 Aug 2026 14:02:55 GMT",39468,
2026-08-30T01:25:37Z,ofac_cons,unchanged,fa681487dfd865c189177b478a171178ab8e7133402342acc51f638a7bc121de,"Fri, 28 Aug 2026 14:02:55 GMT",1591,
2026-08-30T02:25:11Z,ofac_sdn,unchanged,a2ccea04237a13459009bc527502bb6a08d4e84fe97b46fcce1ed621e9a8301e,"Fri, 28 Aug 2026 14:02:55 GMT",39468,
2026-08-30T02:25:11Z,ofac_cons,unchanged,fa681487dfd865c189177b478a171178ab8e7133402342acc51f638a7bc121de,"Fri, 28 Aug 2026 14:02:55 GMT",1591,
2026-08-30T03:25:01Z,ofac_sdn,unchanged,a2ccea04237a13459009bc527502bb6a08d4e84fe97b46fcce1ed621e9a8301e,"Fri, 28 Aug 2026 14:02:55 GMT",39468,
2026-08-30T03:25:01Z,ofac_cons,unchanged,fa681487dfd865c189177b478a171178ab8e7133402342acc51f638a7bc121de,"Fri, 28 Aug 2026 14:02:55 GMT",1591,
2026-08-30T04:25:00Z,ofac_sdn,unchanged,a2ccea04237a13459009bc527502bb6a08d4e84fe97b46fcce1ed621e9a8301e,"Fri, 28 Aug 2026 14:02:55 GMT",39468,
2026-08-30T04:25:00Z,ofac_cons,unchanged,fa681487dfd865c189177b478a171178ab8e7133402342acc51f638a7bc121de,"Fri, 28 Aug 2026 14:02:55 GMT",1591,
2026-08-30T05:25:00Z,ofac_sdn,unchanged,a2ccea04237a13459009bc527502bb6a08d4e84fe97b46fcce1ed621e9a8301e,"Fri, 28 Aug 2026 14:02:55 GMT",39468,
2026-08-30T05:25:00Z,ofac_cons,unchanged,fa681487dfd865c189177b478a171178ab8e7133402342acc51f638a7bc121de,"Fri, 28 Aug 2026 14:02:55 GMT",1591,
2026-08-30T06:25:06Z,ofac_sdn,unchanged,a2ccea04237a13459009bc527502bb6a08d4e84fe97b46fcce1ed621e9a8301e,"Fri, 28 Aug 2026 14:02:55 GMT",39468,
2026-08-30T06:25:06Z,ofac_cons,unchanged,fa681487dfd865c189177b478a171178ab8e7133402342acc51f638a7bc121de,"Fri, 28 Aug 2026 14:02:55 GMT",1591,
2026-08-30T06:41:06Z,mof,unchanged,ba532e9563b85344a008a3b5b897d2418c36d46166306ab3639021fcb18fadd2,令和8年8月28日,14743,
2026-08-30T06:41:06Z,meti,blocked,,,,
2026-08-30T07:24:42Z,ofac_sdn,unchanged,a2ccea04237a13459009bc527502bb6a08d4e84fe97b46fcce1ed621e9a8301e,"Fri, 28 Aug 2026 14:02:55 GMT",39468,
2026-08-30T07:24:42Z,ofac_cons,unchanged,fa681487dfd865c189177b478a171178ab8e7133402342acc51f638a7bc121de,"Fri, 28 Aug 2026 14:02:55 GMT",1591,
2026-08-30T08:24:50Z,ofac_sdn,unchanged,a2ccea04237a13459009bc527502bb6a08d4e84fe97b46fcce1ed621e9a8301e,"Fri, 28 Aug 2026 14:02:55 GMT",39468,
2026-08-30T08:24:50Z,ofac_cons,unchanged,fa681487dfd865c189177b478a171178ab8e7133402342acc51f638a7bc121de,"Fri, 28 Aug 2026 14:02:55 GMT",1591,
2026-08-30T09:25:00Z,ofac_sdn,unchanged,a2ccea04237a13459009bc527502bb6a08d4e84fe97b46fcce1ed621e9a8301e,"Fri, 28 Aug 2026 14:02:55 GMT",39468,
2026-08-30T09:25:00Z,ofac_cons,unchanged,fa681487dfd865c189177b478a171178ab8e7133402342acc51f638a7bc121de,"Fri, 28 Aug 2026 14:02:55 GMT",1591,
2026-08-30T10:25:18Z,ofac_sdn,unchanged,a2ccea04237a13459009bc527502bb6a08d4e84fe97b46fcce1ed621e9a8301e,"Fri, 28 Aug 2026 14:02:55 GMT",39468,
2026-08-30T10:25:18Z,ofac_cons,unchanged,fa681487dfd865c189177b478a171178ab8e7133402342acc51f638a7bc121de,"Fri, 28 Aug 2026 14:02:55 GMT",1591,
2026-08-30T11:24:42Z,ofac_sdn,unchanged,a2ccea04237a13459009bc527502bb6a08d4e84fe97b46fcce1ed621e9a8301e,"Fri, 28 Aug 2026 14:02:55 GMT",39468,
2026-08-30T11:24:42Z,ofac_cons,unchanged,fa681487dfd865c189177b478a171178ab8e7133402342acc51f638a7bc121de,"Fri, 28 Aug 2026 14:02:55 GMT",1591,
2026-08-30T12:24:56Z,ofac_sdn,unchanged,a2ccea04237a13459009bc527502bb6a08d4e84fe97b46fcce1ed621e9a8301e,"Fri, 28 Aug 2026 14:02:55 GMT",39468,
2026-08-30T12:24:56Z,ofac_cons,unchanged,fa681487dfd865c189177b478a171178ab8e7133402342acc51f638a7bc121de,"Fri, 28 Aug 2026 14:02:55 GMT",1591,
2026-08-30T12:40:53Z,mof,unchanged,ba532e9563b85344a008a3b5b897d2418c36d46166306ab3639021fcb18fadd2,令和8年8月28日,14743,
2026-08-30T12:40:53Z,meti,blocked,,,,
2026-08-30T13:24:50Z,ofac_sdn,unchanged,a2ccea04237a13459009bc527502bb6a08d4e84fe97b46fcce1ed621e9a8301e,"Fri, 28 Aug 2026 14:02:55 GMT",39468,
2026-08-30T13:24:50Z,ofac_cons,unchanged,fa681487dfd865c189177b478a171178ab8e7133402342acc51f638a7bc121de,"Fri, 28 Aug 2026 14:02:55 GMT",1591,
2026-08-30T14:24:55Z,ofac_sdn,unchanged,a2ccea04237a13459009bc527502bb6a08d4e84fe97b46fcce1ed621e9a8301e,"Fri, 28 Aug 2026 14:02:55 GMT",39468,
2026-08-30T14:24:55Z,ofac_cons,unchanged,fa681487dfd865c189177b478a171178ab8e7133402342acc51f638a7bc121de,"Fri, 28 Aug 2026 14:02:55 GMT",1591,
2026-08-30T15:24:46Z,ofac_sdn,unchanged,a2ccea04237a13459009bc527502bb6a08d4e84fe97b46fcce1ed621e9a8301e,"Fri, 28 Aug 2026 14:02:55 GMT",39468,
2026-08-30T15:24:46Z,ofac_cons,unchanged,fa681487dfd865c189177b478a171178ab8e7133402342acc51f638a7bc121de,"Fri, 28 Aug 2026 14:02:55 GMT",1591,
2026-08-30T16:24:44Z,ofac_sdn,unchanged,a2ccea04237a13459009bc527502bb6a08d4e84fe97b46fcce1ed621e9a8301e,"Fri, 28 Aug 2026 14:02:55 GMT",39468,
2026-08-30T16:24:44Z,ofac_cons,unchanged,fa681487dfd865c189177b478a171178ab8e7133402342acc51f638a7bc121de,"Fri, 28 Aug 2026 14:02:55 GMT",1591,
2026-08-30T17:24:55Z,ofac_sdn,unchanged,a2ccea04237a13459009bc527502bb6a08d4e84fe97b46fcce1ed621e9a8301e,"Fri, 28 Aug 2026 14:02:55 GMT",39468,
2026-08-30T17:24:55Z,ofac_cons,unchanged,fa681487dfd865c189177b478a171178ab8e7133402342acc51f638a7bc121de,"Fri, 28 Aug 2026 14:02:55 GMT",1591,
2026-08-30T18:25:04Z,ofac_sdn,unchanged,a2ccea04237a13459009bc527502bb6a08d4e84fe97b46fcce1ed621e9a8301e,"Fri, 28 Aug 2026 14:02:55 GMT",39468,
2026-08-30T18:25:04Z,ofac_cons,unchanged,fa681487dfd865c189177b478a171178ab8e7133402342acc51f638a7bc121de,"Fri, 28 Aug 2026 14:02:55 GMT",1591,
2026-08-30T18:41:07Z,mof,unchanged,ba532e9563b85344a008a3b5b897d2418c36d46166306ab3639021fcb18fadd2,令和8年8月28日,14743,
2026-08-30T18:41:07Z,meti,blocked,,,,
2026-08-30T19:24:51Z,ofac_sdn,unchanged,a2ccea04237a13459009bc527502bb6a08d4e84fe97b46fcce1ed621e9a8301e,"Fri, 28 Aug 2026 14:02:55 GMT",39468,
2026-08-30T19:24:51Z,ofac_cons,unchanged,fa681487dfd865c189177b478a171178ab8e7133402342acc51f638a7bc121de,"Fri, 28 Aug 2026 14:02:55 GMT",1591,
2026-08-30T20:05:36Z,mof,unchanged,ba532e9563b85344a008a3b5b897d2418c36d46166306ab3639021fcb18fadd2,令和8年8月28日,14743,
2026-08-30T20:05:36Z,meti,blocked,,,,
2026-08-30T20:08:12Z,ofac_sdn,unchanged,a2ccea04237a13459009bc527502bb6a08d4e84fe97b46fcce1ed621e9a8301e,"Fri, 28 Aug 2026 14:02:55 GMT",39468,
2026-08-30T20:08:12Z,ofac_cons,unchanged,fa681487dfd865c189177b478a171178ab8e7133402342acc51f638a7bc121de,"Fri, 28 Aug 2026 14:02:55 GMT",1591,
2026-08-30T20:24:59Z,ofac_sdn,unchanged,a2ccea04237a13459009bc527502bb6a08d4e84fe97b46fcce1ed621e9a8301e,"Fri, 28 Aug 2026 14:02:55 GMT",39468,
2026-08-30T20:24:59Z,ofac_cons,unchanged,fa681487dfd865c189177b478a171178ab8e7133402342acc51f638a7bc121de,"Fri, 28 Aug 2026 14:02:55 GMT",1591,
2026-08-30T21:24:55Z,ofac_sdn,unchanged,a2ccea04237a13459009bc527502bb6a08d4e84fe97b46fcce1ed621e9a8301e,"Fri, 28 Aug 2026 14:02:55 GMT",39468,
2026-08-30T21:24:55Z,ofac_cons,unchanged,fa681487dfd865c189177b478a171178ab8e7133402342acc51f638a7bc121de,"Fri, 28 Aug 2026 14:02:55 GMT",1591,
2026-08-30T22:24:50Z,ofac_sdn,unchanged,a2ccea04237a13459009bc527502bb6a08d4e84fe97b46fcce1ed621e9a8301e,"Fri, 28 Aug 2026 14:02:55 GMT",39468,
2026-08-30T22:24:50Z,ofac_cons,unchanged,fa681487dfd865c189177b478a171178ab8e7133402342acc51f638a7bc121de,"Fri, 28 Aug 2026 14:02:55 GMT",1591,
2026-08-30T23:24:51Z,ofac_sdn,unchanged,a2ccea04237a13459009bc527502bb6a08d4e84fe97b46fcce1ed621e9a8301e,"Fri, 28 Aug 2026 14:02:55 GMT",39468,
2026-08-30T23:24:51Z,ofac_cons,unchanged,fa681487dfd865c189177b478a171178ab8e7133402342acc51f638a7bc121de,"Fri, 28 Aug 2026 14:02:55 GMT",1591,
2026-08-31T00:25:32Z,ofac_sdn,unchanged,a2ccea04237a13459009bc527502bb6a08d4e84fe97b46fcce1ed621e9a8301e,"Fri, 28 Aug 2026 14:02:55 GMT",39468,
2026-08-31T00:25:32Z,ofac_cons,unchanged,fa681487dfd865c189177b478a171178ab8e7133402342acc51f638a7bc121de,"Fri, 28 Aug 2026 14:02:55 GMT",1591,
