checked_at,source,document_role,status,http_status,etag,last_modified,content_hash,source_updated,url,final_url,fetched_file,raw_path,record_count,diff_added,diff_removed,diff_changed,fetch_failed,schema_changed,error_type,error_message
2026-10-01T06:04:56Z,ofac_sdn,classic_primary,unchanged,304,"""3c6097aef5d28db3ed38db15dfd8ddc4""","Wed, 30 Sep 2026 14:05:07 GMT",04e849cec43e2d1149fe8cafb24c5ba8c6d8f1442469d92ea19b8202e12a99d8,"Wed, 30 Sep 2026 14:05:05 GMT",https://sanctionslistservice.ofac.treas.gov/api/download/SDN.CSV,https://wc2h-sls-prod-public-published.s3.us-gov-west-1.amazonaws.com/Published/9f3c49e0-bd93-431c-8f2c-e96babe51280/2026-09-29/b53cbec8-352a-4fe6-aa65-13e05d04ce4b/SDN.CSV,sdn.csv,,89710,,,,0,0,,
2026-10-01T06:04:56Z,ofac_sdn,classic_alias,unchanged,304,"""9850d8ca6bd613535cf4ecf900fdd198""","Wed, 30 Sep 2026 14:05:07 GMT",85c9d8db3cf58c588060489cd843b23d444ff1b821f48b5beb4d39037e419924,"Wed, 30 Sep 2026 14:05:05 GMT",https://sanctionslistservice.ofac.treas.gov/api/download/ALT.CSV,https://wc2h-sls-prod-public-published.s3.us-gov-west-1.amazonaws.com/Published/9f3c49e0-bd93-431c-8f2c-e96babe51280/2026-09-29/b53cbec8-352a-4fe6-aa65-13e05d04ce4b/ALT.CSV,,,89710,,,,0,0,,
2026-10-01T06:04:56Z,ofac_sdn,advanced_xml,unchanged,304,"""1e661cbffea14680bb34489c27d1860f""","Wed, 30 Sep 2026 14:05:05 GMT",5afe67d5b6709be142c09ddd3550b58593d7a706e82cbd68a8001ffc3c90e28b,"Wed, 30 Sep 2026 14:05:05 GMT",https://sanctionslistservice.ofac.treas.gov/api/PublicationPreview/exports/SDN_ADVANCED.XML,https://wc2h-sls-prod-public-published.s3.us-gov-west-1.amazonaws.com/Published/9f3c49e0-bd93-431c-8f2c-e96babe51280/2026-09-29/b53cbec8-352a-4fe6-aa65-13e05d04ce4b/SDN_ADVANCED.XML,,,89710,,,,0,0,,
2026-10-01T06:04:56Z,ofac_cons,classic_primary,unchanged,304,"""6829e1737d57ce82eb13d1962f2dc53a""","Wed, 30 Sep 2026 14:05:07 GMT",0a3b74f6eb28450a9993b42a234c1801471d4dcb41220f6a7b8e466575bc3889,"Mon, 14 Sep 2026 18:35:48 GMT",https://sanctionslistservice.ofac.treas.gov/api/download/CONS_PRIM.CSV,https://wc2h-sls-prod-public-published.s3.us-gov-west-1.amazonaws.com/Published/9f3c49e0-bd93-431c-8f2c-e96babe51280/2026-09-29/b53cbec8-352a-4fe6-aa65-13e05d04ce4b/CONS_PRIM.CSV,cons_prim.csv,,3371,,,,0,0,,
2026-10-01T06:04:56Z,ofac_cons,classic_alias,unchanged,304,"""76ed9757e5d2cc3d16a69a48300110bb""","Wed, 30 Sep 2026 14:05:07 GMT",ee4e86b664c7a11aacd0fe227f35336cff3467602bb9607653bb4ce193811474,"Mon, 14 Sep 2026 18:35:48 GMT",https://sanctionslistservice.ofac.treas.gov/api/download/CONS_ALT.CSV,https://wc2h-sls-prod-public-published.s3.us-gov-west-1.amazonaws.com/Published/9f3c49e0-bd93-431c-8f2c-e96babe51280/2026-09-29/b53cbec8-352a-4fe6-aa65-13e05d04ce4b/CONS_ALT.CSV,cons_alt.csv,,3371,,,,0,0,,
2026-10-01T06:04:56Z,ofac_cons,advanced_xml,unchanged,304,"""200976b3452dc8db2b2a200bbed97e14""","Wed, 30 Sep 2026 14:05:07 GMT",43033832780a55ed4b3c28291184b60dc63242082c223dd83702a014d5825a65,"Mon, 14 Sep 2026 18:35:48 GMT",https://sanctionslistservice.ofac.treas.gov/api/PublicationPreview/exports/CONS_ADVANCED.XML,https://wc2h-sls-prod-public-published.s3.us-gov-west-1.amazonaws.com/Published/9f3c49e0-bd93-431c-8f2c-e96babe51280/2026-09-29/b53cbec8-352a-4fe6-aa65-13e05d04ce4b/CONS_ADVANCED.XML,cons_advanced.xml,,3371,,,,0,0,,
2026-10-01T06:04:56Z,ofac,party_removal_review_queue,review_required,,,,,,,,,,5,,,,0,0,,
2026-10-01T06:29:40Z,mof,index_page,fetched,200,"""a286-65c9536784c80""","Tue, 29 Sep 2026 01:36:34 GMT",0644712b3efc898e3019d8ddafb8839e493d00021996339e99be59b863def9a7,令和8年9月29日,https://www.mof.go.jp/policy/international_policy/gaitame_kawase/gaitame/economic_sanctions/list.html,https://www.mof.go.jp/policy/international_policy/gaitame_kawase/gaitame/economic_sanctions/list.html,list.html,,,,,,0,0,,
2026-10-01T06:29:40Z,mof,list_file,unchanged,304,"""320966-65c953162e618""","Tue, 29 Sep 2026 01:35:08 GMT",b1c48436aea1c8952929fd3825d2440b4fed55c52f979a350b5a59cf088be17a,令和8年9月29日,https://www.mof.go.jp/policy/international_policy/gaitame_kawase/gaitame/economic_sanctions/shisantouketsu20260929.csv,https://www.mof.go.jp/policy/international_policy/gaitame_kawase/gaitame/economic_sanctions/shisantouketsu20260929.csv,shisantouketsu20260929.csv,,14956,,,,0,0,,
2026-10-01T08:24:31Z,mofa_manual,init,manual_recorded,,,,,,,,,,,,,,0,0,,
2026-10-01T13:27:26Z,ofac_sdn,classic_primary,unchanged,304,"""3c6097aef5d28db3ed38db15dfd8ddc4""","Wed, 30 Sep 2026 14:05:07 GMT",04e849cec43e2d1149fe8cafb24c5ba8c6d8f1442469d92ea19b8202e12a99d8,"Wed, 30 Sep 2026 14:05:05 GMT",https://sanctionslistservice.ofac.treas.gov/api/download/SDN.CSV,https://wc2h-sls-prod-public-published.s3.us-gov-west-1.amazonaws.com/Published/9f3c49e0-bd93-431c-8f2c-e96babe51280/2026-09-29/b53cbec8-352a-4fe6-aa65-13e05d04ce4b/SDN.CSV,sdn.csv,,89710,,,,0,0,,
2026-10-01T13:27:26Z,ofac_sdn,classic_alias,unchanged,304,"""9850d8ca6bd613535cf4ecf900fdd198""","Wed, 30 Sep 2026 14:05:07 GMT",85c9d8db3cf58c588060489cd843b23d444ff1b821f48b5beb4d39037e419924,"Wed, 30 Sep 2026 14:05:05 GMT",https://sanctionslistservice.ofac.treas.gov/api/download/ALT.CSV,https://wc2h-sls-prod-public-published.s3.us-gov-west-1.amazonaws.com/Published/9f3c49e0-bd93-431c-8f2c-e96babe51280/2026-09-29/b53cbec8-352a-4fe6-aa65-13e05d04ce4b/ALT.CSV,,,89710,,,,0,0,,
2026-10-01T13:27:26Z,ofac_sdn,advanced_xml,unchanged,304,"""1e661cbffea14680bb34489c27d1860f""","Wed, 30 Sep 2026 14:05:05 GMT",5afe67d5b6709be142c09ddd3550b58593d7a706e82cbd68a8001ffc3c90e28b,"Wed, 30 Sep 2026 14:05:05 GMT",https://sanctionslistservice.ofac.treas.gov/api/PublicationPreview/exports/SDN_ADVANCED.XML,https://wc2h-sls-prod-public-published.s3.us-gov-west-1.amazonaws.com/Published/9f3c49e0-bd93-431c-8f2c-e96babe51280/2026-09-29/b53cbec8-352a-4fe6-aa65-13e05d04ce4b/SDN_ADVANCED.XML,,,89710,,,,0,0,,
2026-10-01T13:27:26Z,ofac_cons,classic_primary,unchanged,304,"""6829e1737d57ce82eb13d1962f2dc53a""","Wed, 30 Sep 2026 14:05:07 GMT",0a3b74f6eb28450a9993b42a234c1801471d4dcb41220f6a7b8e466575bc3889,"Mon, 14 Sep 2026 18:35:48 GMT",https://sanctionslistservice.ofac.treas.gov/api/download/CONS_PRIM.CSV,https://wc2h-sls-prod-public-published.s3.us-gov-west-1.amazonaws.com/Published/9f3c49e0-bd93-431c-8f2c-e96babe51280/2026-09-29/b53cbec8-352a-4fe6-aa65-13e05d04ce4b/CONS_PRIM.CSV,cons_prim.csv,,3371,,,,0,0,,
2026-10-01T13:27:26Z,ofac_cons,classic_alias,unchanged,304,"""76ed9757e5d2cc3d16a69a48300110bb""","Wed, 30 Sep 2026 14:05:07 GMT",ee4e86b664c7a11aacd0fe227f35336cff3467602bb9607653bb4ce193811474,"Mon, 14 Sep 2026 18:35:48 GMT",https://sanctionslistservice.ofac.treas.gov/api/download/CONS_ALT.CSV,https://wc2h-sls-prod-public-published.s3.us-gov-west-1.amazonaws.com/Published/9f3c49e0-bd93-431c-8f2c-e96babe51280/2026-09-29/b53cbec8-352a-4fe6-aa65-13e05d04ce4b/CONS_ALT.CSV,cons_alt.csv,,3371,,,,0,0,,
2026-10-01T13:27:26Z,ofac_cons,advanced_xml,unchanged,304,"""200976b3452dc8db2b2a200bbed97e14""","Wed, 30 Sep 2026 14:05:07 GMT",43033832780a55ed4b3c28291184b60dc63242082c223dd83702a014d5825a65,"Mon, 14 Sep 2026 18:35:48 GMT",https://sanctionslistservice.ofac.treas.gov/api/PublicationPreview/exports/CONS_ADVANCED.XML,https://wc2h-sls-prod-public-published.s3.us-gov-west-1.amazonaws.com/Published/9f3c49e0-bd93-431c-8f2c-e96babe51280/2026-09-29/b53cbec8-352a-4fe6-aa65-13e05d04ce4b/CONS_ADVANCED.XML,cons_advanced.xml,,3371,,,,0,0,,
2026-10-01T13:27:26Z,ofac,party_removal_review_queue,review_required,,,,,,,,,,5,,,,0,0,,
